venue;teams;players_involved;event;date;importance
Arena de Sao Paulo, Sao Paulo, Brazil;Brazil, Croatia;Marcelo;Own Goal;6/12/2014 20:11:00;High importance events
Arena de Sao Paulo, Sao Paulo, Brazil;Brazil, Croatia;Neymar Jr;Yellow Card;6/12/2014 20:27:00;High importance events
Arena de Sao Paulo, Sao Paulo, Brazil;Brazil, Croatia;Neymar Jr;Goal scored;6/12/2014 20:29:00;High importance events
Arena de Sao Paulo, Sao Paulo, Brazil;Brazil, Croatia;Corluka;Yellow Card;6/12/2014 21:06:00;High importance events
Arena de Sao Paulo, Sao Paulo, Brazil;Brazil, Croatia;Lovern;Yellow Card;6/12/2014 21:09:00;High importance events
Arena de Sao Paulo, Sao Paulo, Brazil;Brazil, Croatia;Neymar Jr;Goal scored;6/12/2014 21:11:00;High importance events
Arena de Sao Paulo, Sao Paulo, Brazil;Brazil, Croatia;L Gustavo;Yellow Card;6/12/2014 21:28:00;High importance events
Arena de Sao Paulo, Sao Paulo, Brazil;Brazil, Croatia;Oscar;Goal scored;6/12/2014 21:31:00;High importance events
Estadio das Dunas,Natal, Brazil;Mexico, Cameroon;H. Moreno;Yellow card;6/13/2014 16:57:00;Medium importance events
Estadio das Dunas,Natal, Brazil;Mexico, Cameroon;O. Peralta;Goal Scored;6/13/2014 17:01:00;Medium importance events
Estadio das Dunas,Natal, Brazil;Mexico, Cameroon;Nounkeu;Yellow card;6/13/2014 17:17:00;Medium importance events
Arena Fonte Nova,Salvador, Brazil;Spain, Netherlands;DE Guzman;Yellow card;6/13/2014 19:25:00;High importance events
Arena Fonte Nova,Salvador, Brazil;Spain, Netherlands;Alonso;Penalty;6/13/2014 19:27:00;High importance events
Arena Fonte Nova,Salvador, Brazil;Spain, Netherlands;DE Vrij;Yellow card;6/13/2014 19:41:00;High importance events
Arena Fonte Nova,Salvador, Brazil;Spain, Netherlands;V. Persie;Goal;6/13/2014 19:44:00;High importance events
Arena Fonte Nova,Salvador, Brazil;Spain, Netherlands;DE Vrij;Goal;6/13/2014 20:05:00;High importance events
Arena Fonte Nova,Salvador, Brazil;Spain, Netherlands;I. Casillas;Yellow card;6/13/2014 20:05:00;High importance events
Arena Fonte Nova,Salvador, Brazil;Spain, Netherlands;Robben;Goal;6/13/2014 20:53:00;High importance events
Arena Fonte Nova,Salvador, Brazil;Spain, Netherlands;V. Persie;Yellow card;6/13/2014 21:06:00;High importance events
Arena Fonte Nova,Salvador, Brazil;Spain, Netherlands;V. Persie;Goal;6/13/2014 21:12:00;High importance events
Arena Fonte Nova,Salvador, Brazil;Spain, Netherlands;Robben;Goal;6/13/2014 21:20:00;High importance events
Arena Pantanal,Cuiaba, Brazil;Chile, Australia;Alexis;Goal;6/13/2014 22:12:00;Low importance events
Arena Pantanal,Cuiaba, Brazil;Chile, Australia;Valdivia;Goal;6/13/2014 22:14:00;Low importance events
Arena Pantanal,Cuiaba, Brazil;Chile, Australia;Cahill;Goal;6/13/2014 22:35:00;Low importance events
Arena Pantanal,Cuiaba, Brazil;Chile, Australia;Cahill;Yellow card;6/13/2014 22:44:00;Low importance events
Arena Pantanal,Cuiaba, Brazil;Chile, Australia;Jedinak;Yellow card;6/13/2014 22:58:00;Low importance events
Arena Pantanal,Cuiaba, Brazil;Chile, Australia;Milligan;Yellow card;6/13/2014 23:07:00;Low importance events
Arena Pantanal,Cuiaba, Brazil;Chile, Australia;CH. Aranguiz;Yellow card;6/13/2014 23:26:00;Low importance events
Arena Pantanal,Cuiaba, Brazil;Chile, Australia;Beausejour;Goal;6/13/2014 23:32:00;Low importance events
Estadio Mineirao,Belo Horizonte, Brazil;Colombia, Greece;P. Armero;Goal;6/14/2014 16:05:00;Low importance events
Estadio Mineirao,Belo Horizonte, Brazil;Colombia, Greece;C. Sanchez;Yellow card;6/14/2014 16:26:00;Low importance events
Estadio Mineirao,Belo Horizonte, Brazil;Colombia, Greece;Sokratis;Yellow card;6/14/2014 16:52:00;Low importance events
Estadio Mineirao,Belo Horizonte, Brazil;Colombia, Greece;Salpingidis;Yellow card;6/14/2014 16:55:00;Low importance events
Estadio Mineirao,Belo Horizonte, Brazil;Colombia, Greece;Teo;Goal;6/14/2014 16:58:00;Low importance events
Estadio Mineirao,Belo Horizonte, Brazil;Colombia, Greece;James;Goal;6/14/2014 17:33:00;Low importance events
Estadio Castelao,Fortaleza, Brazil;Uruguay, Costa Rica;E. Cavani;Penalty;6/14/2014 19:24:00;Low importance events
Estadio Castelao,Fortaleza, Brazil;Uruguay, Costa Rica;D. Lugano;Yellow card;6/14/2014 19:50:00;Low importance events
Estadio Castelao,Fortaleza, Brazil;Uruguay, Costa Rica;Campbell J.;Goal;6/14/2014 19:54:00;Low importance events
Estadio Castelao,Fortaleza, Brazil;Uruguay, Costa Rica;W. Gargano;Yellow card;6/14/2014 19:56:00;Low importance events
Estadio Castelao,Fortaleza, Brazil;Uruguay, Costa Rica;Duarte O.;Goal;6/14/2014 19:57:00;Low importance events
Estadio Castelao,Fortaleza, Brazil;Uruguay, Costa Rica;M. Caceres;Yellow card;6/14/2014 20:21:00;Low importance events
Estadio Castelao,Fortaleza, Brazil;Uruguay, Costa Rica;Urena M.;Goal;6/14/2014 20:24:00;Low importance events
Estadio Castelao,Fortaleza, Brazil;Uruguay, Costa Rica;M. Pereira;Red card;6/14/2014 20:34:00;Low importance events
Arena Amazonia,Manaus, Brazil;England, Italy;Marchisio;Goal;6/14/2014 22:35:00;Medium importance events
Arena Amazonia,Manaus, Brazil;England, Italy;Sturridge;Goal;6/14/2014 22:37:00;Medium importance events
Arena Amazonia,Manaus, Brazil;England, Italy;Balotelli;Goal;6/14/2014 22:50:00;Medium importance events
Arena Amazonia,Manaus, Brazil;England, Italy;Sterling;Yellow card;6/14/2014 23:32:00;Medium importance events
Arena Pernambuco,Recife, Brazil;CÔTE D'IVOIRE, Japan;Honda;Goal;6/15/2014 1:16:00;Low importance events
Arena Pernambuco,Recife, Brazil;CÔTE D'IVOIRE, Japan;Yoshida;Yellow Card;6/15/2014 1:23:00;Low importance events
Arena Pernambuco,Recife, Brazil;CÔTE D'IVOIRE, Japan;Bamba;Yellow Card;6/15/2014 1:54:00;Low importance events
Arena Pernambuco,Recife, Brazil;CÔTE D'IVOIRE, Japan;Zokora;Yellow Card;6/15/2014 1:58:00;Low importance events
Arena Pernambuco,Recife, Brazil;CÔTE D'IVOIRE, Japan;Morishige;Yellow Card;6/15/2014 2:04:00;Low importance events
Arena Pernambuco,Recife, Brazil;CÔTE D'IVOIRE, Japan;B. Wilfried;Goal;6/15/2014 2:04:00;Low importance events
Arena Pernambuco,Recife, Brazil;CÔTE D'IVOIRE, Japan;Gervinho;Goal;6/15/2014 2:06:00;Low importance events
Estadio Nacional,Brasilia, Brazil;Switzerland, Ecuador;E. Valencia;Goal;6/15/2014 16:22:00;Low importance events
Estadio Nacional,Brasilia, Brazil;Switzerland, Ecuador;Mehmedi;Goal;6/15/2014 16:48:00;Low importance events
Estadio Nacional,Brasilia, Brazil;Switzerland, Ecuador;Paredes;Yellow Card;6/15/2014 16:53:00;Low importance events
Estadio Nacional,Brasilia, Brazil;Switzerland, Ecuador;Djourou;Yellow Card;6/15/2014 17:24:00;Low importance events
Estadio Nacional,Brasilia, Brazil;Switzerland, Ecuador;Seferovic;Goal;6/15/2014 17:33:00;Low importance events
Estadio Beira-Rio,Porto Alegre, Brazil;France, Honduras;Evra;Yellow Card;6/15/2014 19:07:00;Medium importance events
Estadio Beira-Rio,Porto Alegre, Brazil;France, Honduras;Pogba;Yellow Card;6/15/2014 19:28:00;Medium importance events
Estadio Beira-Rio,Porto Alegre, Brazil;France, Honduras;W.Palacios;yellow Card;6/15/2014 19:28:00;Medium importance events
Estadio Beira-Rio,Porto Alegre, Brazil;France, Honduras;W.Palacios;Red Card;6/15/2014 19:43:00;Medium importance events
Estadio Beira-Rio,Porto Alegre, Brazil;France, Honduras;Benzema;Penalty;6/15/2014 19:45:00;Medium importance events
Estadio Beira-Rio,Porto Alegre, Brazil;France, Honduras;Cabaye;Yellow Card;6/15/2014 19:47:00;Medium importance events
Estadio Beira-Rio,Porto Alegre, Brazil;France, Honduras;Valladares;Own Goal;6/15/2014 19:48:00;Medium importance events
Estadio Beira-Rio,Porto Alegre, Brazil;France, Honduras;Boniek;Yellow Card;6/15/2014 19:53:00;Medium importance events
Estadio Beira-Rio,Porto Alegre, Brazil;France, Honduras;Benzema;Goal;6/15/2014 20:12:00;Medium importance events
Estadio Beira-Rio,Porto Alegre, Brazil;France, Honduras;Garrido;yellow Card;6/15/2014 20:23:00;Medium importance events
Estadio do MaracanaRio De Janeiro, Brazi;Argentina, Bosnia and Herzegovina;Kolasinac;Own Goal;6/15/2014 22:03:00;Medium importance events
Estadio do MaracanaRio De Janeiro, Brazi;Argentina, Bosnia and Herzegovina;Rojo;Yellow Card;6/15/2014 22:25:00;Medium importance events
Estadio do MaracanaRio De Janeiro, Brazi;Argentina, Bosnia and Herzegovina;Spahic;Yellow Card;6/15/2014 23:03:00;Medium importance events
Estadio do MaracanaRio De Janeiro, Brazi;Argentina, Bosnia and Herzegovina;Messi;Goal;6/15/2014 23:05:00;Medium importance events
Estadio do MaracanaRio De Janeiro, Brazi;Argentina, Bosnia and Herzegovina;Ibisevic;Goal;6/15/2014 23:25:00;Medium importance events
Arena Fonte Nova, Salvador, Brazil;Germany, Portugal;J. Pereira;Yellow Card;6/16/2014 16:11:00;Medium importance events
Arena Fonte Nova, Salvador, Brazil;Germany, Portugal;Muller;Penalty;6/16/2014 16:12:00;Medium importance events
Arena Fonte Nova, Salvador, Brazil;Germany, Portugal;Hummels;Goal;6/16/2014 16:32:00;Medium importance events
Arena Fonte Nova, Salvador, Brazil;Germany, Portugal;Pepe;Red Card;6/16/2014 16:37:00;Medium importance events
Arena Fonte Nova, Salvador, Brazil;Germany, Portugal;Muller;Goal;6/16/2014 16:46:00;Medium importance events
Arena Fonte Nova, Salvador, Brazil;Germany, Portugal;Muller;Goal;6/16/2014 17:18:00;Medium importance events
Arena da Baixada, Curitiba, Brazil;Iran, Nigeria;Andranik;Yellow Card;6/16/2014 20:15:00;Low importance events
Estadio das Dunas,Natal, Brazil;Ghana, USA;Dempsey;Goal;6/16/2014 22:01:00;Medium importance events
Estadio das Dunas,Natal, Brazil;Ghana, USA;Rabiu;Yellow Card;6/16/2014 22:30:00;Medium importance events
Estadio das Dunas,Natal, Brazil;Ghana, USA;A. Ayew;Goal;6/16/2014 23:22:00;Medium importance events
Estadio das Dunas,Natal, Brazil;Ghana, USA;Brooks;Goal;6/16/2014 23:26:00;Medium importance events
Estadio das Dunas,Natal, Brazil;Ghana, USA;Muntari;Yellow Card;6/16/2014 23:32:00;Medium importance events
Estadio Mineirao,Belo Horizonte, Brazil;Belgium, Algeria;Vertonghen;Yellow Card;6/17/2014 16:24:00;Low importance events
Estadio Mineirao,Belo Horizonte, Brazil;Belgium, Algeria;Feghouli;Penalty;6/17/2014 16:25:00;Low importance events
Estadio Mineirao,Belo Horizonte, Brazil;Belgium, Algeria;Bentaleb;Yellow Card;6/17/2014 16:34:00;Low importance events
Estadio Mineirao,Belo Horizonte, Brazil;Belgium, Algeria;Fellaini;Goal;6/17/2014 17:10:00;Low importance events
Estadio Mineirao,Belo Horizonte, Brazil;Belgium, Algeria;Mertens;Goal;6/17/2014 17:20:00;Low importance events
Estadio Castelao,Fortaleza, Brazil;Brazil, Mexico;Ramires;Yellow Card;6/17/2014 19:45:00;High importance events
Estadio Castelao,Fortaleza, Brazil;Brazil, Mexico;P. Aguilar;Yellow Card;6/17/2014 19:59:00;High importance events
Estadio Castelao,Fortaleza, Brazil;Brazil, Mexico;J. Vazquez;Yellow Card;6/17/2014 20:02:00;High importance events
Estadio Castelao,Fortaleza, Brazil;Brazil, Mexico;T. Silva;Yellow Card;6/17/2014 20:19:00;High importance events
Arena Pantanal, Cuiaba, Brazil;Russia, Korea republic;K H Lee;Goal;6/17/2014 22:08:00;Low importance events
Arena Pantanal, Cuiaba, Brazil;Russia, Korea republic;H M Son;Yellow Card;6/17/2014 22:13:00;Low importance events
Arena Pantanal, Cuiaba, Brazil;Russia, Korea republic;Kerzhakov;Goal;6/17/2014 22:14:00;Low importance events
Arena Pantanal, Cuiaba, Brazil;Russia, Korea republic;S Y ki;Yellow Card;6/17/2014 22:30:00;Low importance events
Arena Pantanal, Cuiaba, Brazil;Russia, Korea republic;Shatov;Yellow Card;6/17/2014 22:49:00;Low importance events
Arena Pantanal, Cuiaba, Brazil;Russia, Korea republic;J C koo;Yellow Card;6/17/2014 23:30:00;Low importance events
Estadio Beira-Rio, Porto Alegre, Brazil;Australia, Netherland;Robben;Goal;6/18/2014 16:20:00;Medium importance events
Estadio Beira-Rio, Porto Alegre, Brazil;Australia, Netherland;Cahill;Goal;6/18/2014 16:21:00;Medium importance events
Estadio Beira-Rio, Porto Alegre, Brazil;Australia, Netherland;Cahill;Yellow Card;6/18/2014 16:43:00;Medium importance events
Estadio Beira-Rio, Porto Alegre, Brazil;Australia, Netherland;V. Persie;Yellow Card;6/18/2014 16:43:00;Medium importance events
Estadio Beira-Rio, Porto Alegre, Brazil;Australia, Netherland;Jedinak;Penalty;6/18/2014 16:54:00;Medium importance events
Estadio Beira-Rio, Porto Alegre, Brazil;Australia, Netherland;V. Persie;Goal;6/18/2014 16:58:00;Medium importance events
Estadio Beira-Rio, Porto Alegre, Brazil;Australia, Netherland;Memphis;Goal;6/18/2014 17:08:00;Medium importance events
Estadio do Maracana, Rio De Janeiro, Brazil;Spain, Chile;Vargas;Goal;6/18/2014 19:20:00;Medium importance events
Estadio do Maracana, Rio De Janeiro, Brazil;Spain, Chile;Vidal;Yellow Card;6/18/2014 19:26:00;Medium importance events
Estadio do Maracana, Rio De Janeiro, Brazil;Spain, Chile;Alonso;Yellow Card;6/18/2014 19:41:00;Medium importance events
Estadio do Maracana, Rio De Janeiro, Brazil;Spain, Chile;CH. Aranguiz;Goal;6/18/2014 19:43:00;Medium importance events
Estadio do Maracana, Rio De Janeiro, Brazil;Spain, Chile;Mena;Yellow Card;6/18/2014 20:01:00;Medium importance events
Arena Amazonia, Manaus, Brazil;Cameroon, Croatia;Olic;Goal;6/18/2014 22:11:00;Low importance events
Arena Amazonia, Manaus, Brazil;Cameroon, Croatia;Song;Red Card;6/18/2014 22:40:00;Low importance events
Arena Amazonia, Manaus, Brazil;Cameroon, Croatia;Perisic;Goal;6/18/2014 22:48:00;Low importance events
Arena Amazonia, Manaus, Brazil;Cameroon, Croatia;Mandzukic;Goal;6/18/2014 23:01:00;Low importance events
Arena Amazonia, Manaus, Brazil;Cameroon, Croatia;Mandzukic;Goal;6/18/2014 23:13:00;Low importance events
Arena Amazonia, Manaus, Brazil;Cameroon, Croatia;Eduardo;Yellow Card;6/18/2014 23:29:00;Low importance events
Estadio Nacional Brasilia, Brazil;Colombia, Cote D'ivoire;Zokora;Yellow Card;6/19/2014 16:55:00;Low importance events
Estadio Nacional Brasilia, Brazil;Colombia, Cote D'ivoire;James;Goal;6/19/2014 17:04:00;Low importance events
Estadio Nacional Brasilia, Brazil;Colombia, Cote D'ivoire;Quintero;Goal;6/19/2014 17:10:00;Low importance events
Estadio Nacional Brasilia, Brazil;Colombia, Cote D'ivoire;Gervinho;Goal;6/19/2014 17:13:00;Low importance events
Estadio Nacional Brasilia, Brazil;Colombia, Cote D'ivoire;Tiote;Yellow Card;6/19/2014 17:30:00;Low importance events
Arena de Sao Paulo, Sao Paulo, Brazil;Uruguay, England;D. Godin;Yellow Card;6/19/2014 19:09:00;Low importance events
Arena de Sao Paulo, Sao Paulo, Brazil;Uruguay, England;L. Suare;Goal;6/19/2014 19:39:00;Low importance events
Arena de Sao Paulo, Sao Paulo, Brazil;Uruguay, England;Gerrard;Yellow Card;6/19/2014 20:08:00;Low importance events
Arena de Sao Paulo, Sao Paulo, Brazil;Uruguay, England;Rooney;Goal;6/19/2014 20:15:00;Low importance events
Arena de Sao Paulo, Sao Paulo, Brazil;Uruguay, England;L. Suarez;Goal;6/19/2014 20:25:00;Low importance events
Estadio das Dunas, Natal, Brazil;Japan, Greece;Hasebe;Yellow Card;6/19/2014 19:12:00;Low importance events
Estadio das Dunas, Natal, Brazil;Japan, Greece;Katsouranis;Yellow Card;6/19/2014 19:27:00;Low importance events
Estadio das Dunas, Natal, Brazil;Japan, Greece;Katsouranis;Red Card;6/19/2014 19:38:00;Low importance events
Estadio das Dunas, Natal, Brazil;Japan, Greece;Samaras;Yellow Card;6/19/2014 19:55:00;Low importance events
Estadio das Dunas, Natal, Brazil;Japan, Greece;Torosidis;Yellow Card;6/19/2014 20:29:00;Low importance events
Arena Pernambuco, Recife, Brazil;Iatly, Costa Rica;Ruiz B.;Goal;6/20/2014 19:44:00;Low importance events
Arena Pernambuco, Recife, Brazil;Iatly, Costa Rica;Balotelli;Yellow Card;6/20/2014 20:09:00;Low importance events
Arena Pernambuco, Recife, Brazil;Iatly, Costa Rica;Cubero J.;Yellow Card;6/20/2014 20:11:00;Low importance events
Arena Fonte Nova, Salvador, Brazil;Switzerland, France;Giroud;Goal;6/20/2014 19:17:00;Medium importance events
Arena Fonte Nova, Salvador, Brazil;Switzerland, France;Matuidi;Goal;6/20/2014 19:18:00;Medium importance events
Arena Fonte Nova, Salvador, Brazil;Switzerland, France;Benzema;Penalty;6/20/2014 19:32:00;Medium importance events
Arena Fonte Nova, Salvador, Brazil;Switzerland, France;Valbuena;Goal;6/20/2014 19:40:00;Medium importance events
Arena Fonte Nova, Salvador, Brazil;Switzerland, France;Benzema;Goal;6/20/2014 20:03:00;Medium importance events
Arena Fonte Nova, Salvador, Brazil;Switzerland, France;Sissoko;Goal;6/20/2014 20:13:00;Medium importance events
Arena Fonte Nova, Salvador, Brazil;Switzerland, France;Xhaka;Goal;6/20/2014 20:27:00;Medium importance events
Arena Fonte Nova, Salvador, Brazil;Switzerland, France;Cabaye;Yellow Card;6/20/2014 20:28:00;Medium importance events
Arena da Baixada, Curitiba, Brazil;Honduras, Ecuador;Bernardez;Yellow Card;6/20/2014 22:07:00;Low importance events
Arena da Baixada, Curitiba, Brazil;Honduras, Ecuador;Costly;Goal;6/20/2014 22:31:00;Low importance events
Arena da Baixada, Curitiba, Brazil;Honduras, Ecuador;E. Valencia;Goal;6/20/2014 22:34:00;Low importance events
Arena da Baixada, Curitiba, Brazil;Honduras, Ecuador;Bengtson;Yellow Card;6/20/2014 22:48:00;Low importance events
Arena da Baixada, Curitiba, Brazil;Honduras, Ecuador;A. Valencia;Yellow Card;6/20/2014 22:57:00;Low importance events
Arena da Baixada, Curitiba, Brazil;Honduras, Ecuador;E. Valencia;Goal;6/20/2014 23:05:00;Low importance events
Arena da Baixada, Curitiba, Brazil;Honduras, Ecuador;E. Valencia;Yellow Card;6/20/2014 23:13:00;Low importance events
Arena da Baixada, Curitiba, Brazil;Honduras, Ecuador;Montero;Yellow Card;6/20/2014 23:20:00;Low importance events
Estadio Mineirao, Belo Horizonte, Brazil;Argentina, Iran;J. Nekounam;Yellow Card;6/21/2014 16:53:00;Medium importance events
Estadio Mineirao, Belo Horizonte, Brazil;Argentina, Iran;Masoud. SH;Yellow Card;6/21/2014 17:13:00;Medium importance events
Estadio Mineirao, Belo Horizonte, Brazil;Argentina, Iran;Messi;Goal;6/21/2014 17:31:00;Medium importance events
Estadio Castelao, Fortaleza, Brazil;Germany, Ghana;Gotze;Goal;6/21/2014 19:51:00;Medium importance events
Estadio Castelao, Fortaleza, Brazil;Germany, Ghana;A. Ayew;Goal;6/21/2014 19:54:00;Medium importance events
Estadio Castelao, Fortaleza, Brazil;Germany, Ghana;A. Gyan;Goal;6/21/2014 20:03:00;Medium importance events
Estadio Castelao, Fortaleza, Brazil;Germany, Ghana;Klose;Goal;6/21/2014 20:11:00;Medium importance events
Estadio Castelao, Fortaleza, Brazil;Germany, Ghana;Muntari;Yellow Card;6/21/2014 20:34:00;Medium importance events
Arena Pantanal, Cuiaba, Brazil;Nigeria, Bosnia and Herzegovina;medunjanin;yellow Card;6/21/2014 22:06:00;Low importance events
Arena Pantanal, Cuiaba, Brazil;Nigeria, Bosnia and Herzegovina;Odemwingie;Goal;6/21/2014 22:29:00;Low importance events
Arena Pantanal, Cuiaba, Brazil;Nigeria, Bosnia and Herzegovina;Mikel;Yellow Card;6/21/2014 23:21:00;Low importance events
Estadio do Maracana, Rio De Janeiro, Brazil;Belgium, russia;Glushakov;Yellow Card;6/22/2014 16:38:00;Low importance events
Estadio do Maracana, Rio De Janeiro, Brazil;Belgium, russia;Witsel;yellow Card;6/22/2014 16:54:00;Low importance events
Estadio do Maracana, Rio De Janeiro, Brazil;Belgium, russia;Alderweireld;yellow Card;6/22/2014 17:13:00;Low importance events
Estadio do Maracana, Rio De Janeiro, Brazil;Belgium, russia;Origi;Goal;6/22/2014 17:28:00;Low importance events
Estadio Beira-Rio, Porto Alegre, Brazil;Korea Republic, Algeria;Slimani;Goal;6/22/2014 19:26:00;Low importance events
Estadio Beira-Rio, Porto Alegre, Brazil;Korea Republic, Algeria;Halliche;Goal;6/22/2014 19:28:00;Low importance events
Estadio Beira-Rio, Porto Alegre, Brazil;Korea Republic, Algeria;Djabou;Goal;6/22/2014 19:38:00;Low importance events
Estadio Beira-Rio, Porto Alegre, Brazil;Korea Republic, Algeria;H M Son;Goal;6/22/2014 19:50:00;Low importance events
Estadio Beira-Rio, Porto Alegre, Brazil;Korea Republic, Algeria;Y Lee;Yellow Card;6/22/2014 19:54:00;Low importance events
Estadio Beira-Rio, Porto Alegre, Brazil;Korea Republic, Algeria;Brahimi;Goal;6/22/2014 20:02:00;Low importance events
Estadio Beira-Rio, Porto Alegre, Brazil;Korea Republic, Algeria;Bouguerra;Yellow Card;6/22/2014 20:07:00;Low importance events
Estadio Beira-Rio, Porto Alegre, Brazil;Korea Republic, Algeria;K Y Han;Yellow Card;6/22/2014 20:09:00;Low importance events
Estadio Beira-Rio, Porto Alegre, Brazil;Korea Republic, Algeria;J C Koo;goal;6/22/2014 20:12:00;Low importance events
Arena Amazonia, Manaus, Brazil;USA, Portugal;Nani;Goal;6/22/2014 22:05:00;Medium importance events
Arena Amazonia, Manaus, Brazil;USA, Portugal;Jones;Goal;6/22/2014 23:04:00;Medium importance events
Arena Amazonia, Manaus, Brazil;USA, Portugal;Jones;Yellow Card;6/22/2014 23:15:00;Medium importance events
Arena Amazonia, Manaus, Brazil;USA, Portugal;Dempsey;Goal;6/22/2014 23:21:00;Medium importance events
Arena Amazonia, Manaus, Brazil;USA, Portugal;Varela;goal;6/22/2014 23:35:00;Medium importance events
Arena de Sao Paulo, Sao Paulo, Brazil;Netherlands, Chile;Silva;Yellow Card;6/23/2014 16:25:00;Medium importance events
Arena de Sao Paulo, Sao Paulo, Brazil;Netherlands, Chile;Blind;Yellow Card;6/23/2014 17:04:00;Medium importance events
Arena de Sao Paulo, Sao Paulo, Brazil;Netherlands, Chile;Fer;Goal;6/23/2014 17:17:00;Medium importance events
Arena de Sao Paulo, Sao Paulo, Brazil;Netherlands, Chile;Memphis;Goal;6/23/2014 17:32:00;Medium importance events
Arena da Baixada, Curitiba, Brazil;Australia, Spain;David Villa;Goal;6/23/2014 16:36:00;Medium importance events
Arena da Baixada, Curitiba, Brazil;Australia, Spain;Ramos;Yellow Card;6/23/2014 17:02:00;Medium importance events
Arena da Baixada, Curitiba, Brazil;Australia, Spain;Torres;Goal;6/23/2014 17:09:00;Medium importance events
Arena da Baixada, Curitiba, Brazil;Australia, Spain;Mata;Goal;6/23/2014 17:22:00;Medium importance events
Arena da Baixada, Curitiba, Brazil;Australia, Spain;Spiranovic;Yellow Card;6/23/2014 17:28:00;Medium importance events
Arena da Baixada, Curitiba, Brazil;Australia, Spain;Jedinak;Yellow Card;6/23/2014 17:32:00;Medium importance events
Estadio Nacional, Brasilia, Brazil;Cameroon, Brazil;Enoh;Yellow Card;6/23/2014 20:11:00;Medium importance events
Estadio Nacional, Brasilia, Brazil;Cameroon, Brazil;Neymar Jr;Goal;6/23/2014 20:17:00;Medium importance events
Estadio Nacional, Brasilia, Brazil;Cameroon, Brazil;Matip;Goal;6/23/2014 20:26:00;Medium importance events
Estadio Nacional, Brasilia, Brazil;Cameroon, Brazil;Neymar Jr;Goal;6/23/2014 20:35:00;Medium importance events
Estadio Nacional, Brasilia, Brazil;Cameroon, Brazil;Fred;Goal;6/23/2014 20:49:00;Medium importance events
Estadio Nacional, Brasilia, Brazil;Cameroon, Brazil;Salli;Yellow Card;6/23/2014 21:15:00;Medium importance events
Estadio Nacional, Brasilia, Brazil;Cameroon, Brazil;Mbia;Yellow Card;6/23/2014 21:20:00;Medium importance events
Estadio Nacional, Brasilia, Brazil;Cameroon, Brazil;Fernandinho;Goal;6/23/2014 21:24:00;Medium importance events
Arena Pernambuco, Recife, Brazil;Croatia, Maxico;Rakitic;Yellow Card;6/23/2014 20:09:00;Medium importance events
Arena Pernambuco, Recife, Brazil;Croatia, Maxico;R. Marquez;Yellow Card;6/23/2014 20:39:00;Medium importance events
Arena Pernambuco, Recife, Brazil;Croatia, Maxico;J. Vazquez;Yellow Card;6/23/2014 21:06:00;Medium importance events
Arena Pernambuco, Recife, Brazil;Croatia, Maxico;R. Marquez;Goal;6/23/2014 21:12:00;Medium importance events
Arena Pernambuco, Recife, Brazil;Croatia, Maxico;A. Guardado;Goal;6/23/2014 21:15:00;Medium importance events
Arena Pernambuco, Recife, Brazil;Croatia, Maxico;J.Hernandez;Goal;6/23/2014 21:22:00;Medium importance events
Arena Pernambuco, Recife, Brazil;Croatia, Maxico;Perisic;Goal;6/23/2014 21:27:00;Medium importance events
Arena Pernambuco, Recife, Brazil;Croatia, Maxico;Rebic;Red Card;6/23/2014 21:29:00;Medium importance events
Estadio das Dunas, Natal, Brazil;Italy, Uruguay;Balotelli;Yellow Card;6/24/2014 16:22:00;Low importance events
Estadio das Dunas, Natal, Brazil;Italy, Uruguay;E. Arevalo rios;Yellow Card;6/24/2014 16:46:00;Low importance events
Estadio das Dunas, Natal, Brazil;Italy, Uruguay;Marchisio;Red Card;6/24/2014 16:59:00;Low importance events
Estadio das Dunas, Natal, Brazil;Italy, Uruguay;D Godin;Goal;6/24/2014 17:17:00;Low importance events
Estadio das Dunas, Natal, Brazil;Italy, Uruguay;De Sciglio;Yellow Card;6/24/2014 17:17:00;Low importance events
Estadio das Dunas, Natal, Brazil;Italy, Uruguay;F. Muslera;Yellow Card;6/24/2014 17:31:00;Low importance events
Estadio Mineirao, Belo Horizonte, Brazil;Costa Rica, England;Barkley;Yellow Card;6/24/2014 16:53:00;Low importance events
Estadio Mineirao, Belo Horizonte, Brazil;Costa Rica, England;Lallana;Yellow Card;6/24/2014 16:57:00;Low importance events
Estadio Mineirao, Belo Horizonte, Brazil;Costa Rica, England;Gonzalez;Yellow Card;6/24/2014 17:00:00;Low importance events
Arena Pantanal, Cuiaba, Brazil;Japan, Colombia;Konno;Yellow Card;6/24/2014 20:16:00;Low importance events
Arena Pantanal, Cuiaba, Brazil;Japan, Colombia;Cuadrado;Penalty;6/29/2014 20:17:00;Low importance events
Arena Pantanal, Cuiaba, Brazil;Japan, Colombia;Okazaki;Goal;6/24/2014 20:46:00;Low importance events
Arena Pantanal, Cuiaba, Brazil;Japan, Colombia;Jackson M;Goal;6/24/2014 20:55:00;Low importance events
Arena Pantanal, Cuiaba, Brazil;Japan, Colombia;Guarin;Yellow Card;6/24/2014 21:03:00;Low importance events
Arena Pantanal, Cuiaba, Brazil;Japan, Colombia;Jackson M;Goal;6/24/2014 21:22:00;Low importance events
Arena Pantanal, Cuiaba, Brazil;Japan, Colombia;James;Goal;6/24/2014 21:30:00;Low importance events
Estadio Castelao, Fortaleza, Brazil;Greece, Cote D'ivoire;Drogba;Yellow Card;6/24/2014 20:37:00;Low importance events
Estadio Castelao, Fortaleza, Brazil;Greece, Cote D'ivoire;Samaris;Goal;6/24/2014 20:42:00;Low importance events
Estadio Castelao, Fortaleza, Brazil;Greece, Cote D'ivoire;Kalou;Yellow Card;6/24/2014 21:02:00;Low importance events
Estadio Castelao, Fortaleza, Brazil;Greece, Cote D'ivoire;Serey Die;Yellow Card;6/24/2014 21:10:00;Low importance events
Estadio Castelao, Fortaleza, Brazil;Greece, Cote D'ivoire;B. Wilfried;Goal;6/24/2014 21:14:00;Low importance events
Estadio Castelao, Fortaleza, Brazil;Greece, Cote D'ivoire;Samaras;penalty;6/24/2014 21:33:00;Low importance events
Estadio Beira-Rio, Porto Alegre, Brazil;Nigeria, Argentina;Messi;Goal;6/25/2014 16:03:00;Medium importance events
Estadio Beira-Rio, Porto Alegre, Brazil;Nigeria, Argentina;Musa;Goal;6/25/2014 16:04:00;Medium importance events
Estadio Beira-Rio, Porto Alegre, Brazil;Nigeria, Argentina;Messi;Goal;6/25/2014 16:46:00;Medium importance events
Estadio Beira-Rio, Porto Alegre, Brazil;Nigeria, Argentina;Musa;Goal;6/25/2014 16:47:00;Medium importance events
Estadio Beira-Rio, Porto Alegre, Brazil;Nigeria, Argentina;Omeruo;Yellow Card;6/25/2014 16:49:00;Medium importance events
Estadio Beira-Rio, Porto Alegre, Brazil;Nigeria, Argentina;Rojo;Goal;6/25/2014 16:50:00;Medium importance events
Estadio Beira-Rio, Porto Alegre, Brazil;Nigeria, Argentina;Oshaniwa;Yellow Card;6/25/2014 16:51:00;Medium importance events
Arena Fonte Nova, Salvador, Brazil;Bosnia and Herzegovina, Iran;Dzeko;Goal;6/25/2014 16:23:00;Low importance events
Arena Fonte Nova, Salvador, Brazil;Bosnia and Herzegovina, Iran;Pjanic;Goal;6/25/2014 16:59:00;Low importance events
Arena Fonte Nova, Salvador, Brazil;Bosnia and Herzegovina, Iran;Besic;Yellow Card;6/25/2014 17:17:00;Low importance events
Arena Fonte Nova, Salvador, Brazil;Bosnia and Herzegovina, Iran;Reza;Goal;6/25/2014 17:22:00;Low importance events
Arena Fonte Nova, Salvador, Brazil;Bosnia and Herzegovina, Iran;Vrsajevic;Goal;6/25/2014 17:23:00;Low importance events
Arena Fonte Nova, Salvador, Brazil;Bosnia and Herzegovina, Iran;Karim;Yellow Card;6/25/2014 17:28:00;Low importance events
Arena Amazonia, Manaus, Brazil;Honduras, Switzerland;Shaqiri;Goal;6/25/2014 20:06:00;Low importance events
Arena Amazonia, Manaus, Brazil;Honduras, Switzerland;Shaqiri;Goal;6/25/2014 20:31:00;Low importance events
Arena Amazonia, Manaus, Brazil;Honduras, Switzerland;J. Palacios;Yellow Card;6/25/2014 21:06:00;Low importance events
Arena Amazonia, Manaus, Brazil;Honduras, Switzerland;Shaqiri;Goal;6/25/2014 21:11:00;Low importance events
Estadio do Maracana, Rio De Janeiro, Brazil;Ecuador, France;A.Valencia;Red Card;6/25/2014 20:50:00;Medium importance events
Estadio do Maracana, Rio De Janeiro, Brazil;Ecuador, France;Erazo;Yellow Card;6/25/2014 21:23:00;Medium importance events
Estadio Nacional, Brasilia, Brazil;Portugal, Ghana;Boye;Own Goal;6/26/2014 16:31:00;Low importance events
Estadio Nacional, Brasilia, Brazil;Portugal, Ghana;Harrison;Yellow Card;6/26/2014 16:39:00;Low importance events
Estadio Nacional, Brasilia, Brazil;Portugal, Ghana;Waris;Yellow Card;6/26/2014 16:55:00;Low importance events
Estadio Nacional, Brasilia, Brazil;Portugal, Ghana;A. Gyan;Goal;6/26/2014 16:57:00;Low importance events
Estadio Nacional, Brasilia, Brazil;Portugal, Ghana;J. Ayew;Yellow Card;6/26/2014 17:18:00;Low importance events
Estadio Nacional, Brasilia, Brazil;Portugal, Ghana;Ronaldo;Goal;6/26/2014 17:20:00;Low importance events
Estadio Nacional, Brasilia, Brazil;Portugal, Ghana;J. Moutinho;Yellow Card;6/26/2014 17:34:00;Low importance events
Arena Pernambuco, Recife, Brazil;USA, Germany;Howedes;Yellow Card;6/26/2014 16:11:00;High importance events
Arena Pernambuco, Recife, Brazil;USA, Germany;Gonzalez;Yellow Card;6/26/2014 16:37:00;High importance events
Arena Pernambuco, Recife, Brazil;USA, Germany;Muller;Goal;6/26/2014 16:55:00;High importance events
Arena Pernambuco, Recife, Brazil;USA, Germany;Beckerman;Yellow Card;6/26/2014 17:02:00;High importance events
Arena de Sao Paulo, Sao Paulo, Brazil;Korea republic, Belgium;J H Hong;Yellow Card;6/26/2014 20:35:00;High importance events
Arena de Sao Paulo, Sao Paulo, Brazil;Korea republic, Belgium;Defour;Red Card;6/26/2014 20:45:00;High importance events
Arena de Sao Paulo, Sao Paulo, Brazil;Korea republic, Belgium;Dembele;Yellow Card;6/26/2014 20:50:00;High importance events
Arena de Sao Paulo, Sao Paulo, Brazil;Korea republic, Belgium;Vertonghen;Goal;6/26/2014 21:18:00;High importance events
Arena da Baixada, Curitiba, Brazil;Algeria, Russia;Kokorin;goal;6/26/2014 20:06:00;High importance events
Arena da Baixada, Curitiba, Brazil;Algeria, Russia;Mesbah;Yellow Card;6/26/2014 20:39:00;High importance events
Arena da Baixada, Curitiba, Brazil;Algeria, Russia;D. Kombarov;Yellow Card;6/26/2014 20:57:00;High importance events
Arena da Baixada, Curitiba, Brazil;Algeria, Russia;Kozlov;Yellow Card;6/26/2014 20:59:00;High importance events
Arena da Baixada, Curitiba, Brazil;Algeria, Russia;Slimani;Goal;6/26/2014 21:00:00;High importance events
Arena da Baixada, Curitiba, Brazil;Algeria, Russia;Ghilas;yellow Card;6/26/2014 21:27:00;High importance events
Arena da Baixada, Curitiba, Brazil;Algeria, Russia;Cadamuro;Yellow Card;6/26/2014 21:32:00;High importance events
Estadio Mineirao, Belo Horizonte, Brazil;Brazil, Chile;Mena;Yellow Card;6/28/2014 16:17:00;High importance events
Estadio Mineirao, Belo Horizonte, Brazil;Brazil, Chile;David Luiz;Goal;6/28/2014 16:18:00;High importance events
Estadio Mineirao, Belo Horizonte, Brazil;Brazil, Chile;Alexis;Goal;6/28/2014 16:32:00;High importance events
Estadio Mineirao, Belo Horizonte, Brazil;Brazil, Chile;Silva;Yellow Card;6/28/2014 16:40:00;High importance events
Estadio Mineirao, Belo Horizonte, Brazil;Brazil, Chile;Hulk;yellow Card;6/28/2014 16:55:00;High importance events
Estadio Mineirao, Belo Horizonte, Brazil;Brazil, Chile;L Gustavo;Yellow Card;6/28/2014 17:00:00;High importance events
Estadio Mineirao, Belo Horizonte, Brazil;Brazil, Chile;Jo;Yellow Card;6/28/2014 17:33:00;High importance events
Estadio Mineirao, Belo Horizonte, Brazil;Brazil, Chile;Pinilla;Yellow Card;6/28/2014 17:42:00;High importance events
Estadio Mineirao, Belo Horizonte, Brazil;Brazil, Chile;Dani Alves;Yellow Card;6/28/2014 17:46:00;High importance events
Estadio do Maracana, Rio De Janeiro, Brazil;Colombia, Uruguay;James;Goal;6/28/2014 20:28:00;High importance events
Estadio do Maracana, Rio De Janeiro, Brazil;Colombia, Uruguay;James;Goal;6/28/2014 20:50:00;High importance events
Estadio do Maracana, Rio De Janeiro, Brazil;Colombia, Uruguay;J M Gimenez;yellow Card;6/28/2014 20:55:00;High importance events
Estadio do Maracana, Rio De Janeiro, Brazil;Colombia, Uruguay;D. Lugano;yellow Card;6/28/2014 21:17:00;High importance events
Estadio do Maracana, Rio De Janeiro, Brazil;Colombia, Uruguay;P. Armero;Yellow Card;6/28/2014 21:18:00;High importance events
Estadio Castelao, Fortaleza, Brazil;Netherland, Mexico;G. Dos Santos;Goal;6/29/2014 16:48:00;High importance events
Estadio Castelao, Fortaleza, Brazil;Netherland, Mexico;P. Aguilar;Yellow Card;6/29/2014 17:09:00;High importance events
Estadio Castelao, Fortaleza, Brazil;Netherland, Mexico;Sneijder;Goal;6/29/2014 17:28:00;High importance events
Estadio Castelao, Fortaleza, Brazil;Netherland, Mexico;R. Marquez;yellow Card;6/29/2014 17:32:00;High importance events
Estadio Castelao, Fortaleza, Brazil;Netherland, Mexico;A. Guardado;Yellow Card;6/29/2014 17:33:00;High importance events
Estadio Castelao, Fortaleza, Brazil;Netherland, Mexico;Huntelaar;Penalty;6/29/2014 17:34:00;High importance events
Arena Pernambuco, Recife, Brazil;Costa Rica, Greece;Samaris;Yellow Card;6/29/2014 20:36:00;High importance events
Arena Pernambuco, Recife, Brazil;Costa Rica, Greece;Duarte O.;Yellow Card;6/29/2014 20:42:00;High importance events
Arena Pernambuco, Recife, Brazil;Costa Rica, Greece;Tejeda y.;Yellow Card;6/29/2014 20:48:00;High importance events
Arena Pernambuco, Recife, Brazil;Costa Rica, Greece;Ruiz B.;Goal;6/29/2014 20:52:00;High importance events
Arena Pernambuco, Recife, Brazil;Costa Rica, Greece;Granados;Yellow Card;6/29/2014 20:57:00;High importance events
Arena Pernambuco, Recife, Brazil;Costa Rica, Greece;Duarte O.;Red card;6/29/2014 21:06:00;High importance events
Arena Pernambuco, Recife, Brazil;Costa Rica, Greece;Manolas;Yellow Card;6/29/2014 21:12:00;High importance events
Arena Pernambuco, Recife, Brazil;Costa Rica, Greece;Navas K.;Yellow Card;6/29/2014 21:30:00;High importance events
Arena Pernambuco, Recife, Brazil;Costa Rica, Greece;Ruiz B.;Yellow Card;6/29/2014 21:30:00;High importance events
Arena Pernambuco, Recife, Brazil;Costa Rica, Greece;Sokratis;Goal;6/29/2014 21:31:00;High importance events
Estadio Nacional, Brasilia, Brazil;France, Nigeria;Matuidi;Yellow Card;6/30/2014 16:54:00;High importance events
Estadio Nacional, Brasilia, Brazil;France, Nigeria;Pogba;Goal;6/30/2014 17:19:00;High importance events
Estadio Nacional, Brasilia, Brazil;France, Nigeria;Yobo;Own Goal;6/30/2014 17:32:00;High importance events
Estadio Beira-Rio, Porto Alegre, Brazil;Germany, Algeria;Halliche;Yellow Card;6/30/2014 20:42:00;High importance events
Estadio Beira-Rio, Porto Alegre, Brazil;Germany, Algeria;Schurrle;Goal;6/30/2014 21:32:00;High importance events
Estadio Beira-Rio, Porto Alegre, Brazil;Germany, Algeria;LAHM;Yellow Card;6/30/2014 21:47:00;High importance events
Estadio Beira-Rio, Porto Alegre, Brazil;Germany, Algeria;Ozil;Goal;6/30/2014 22:00:00;High importance events
Estadio Beira-Rio, Porto Alegre, Brazil;Germany, Algeria;Djabou;Goal;6/30/2014 22:01:00;High importance events
Arena de Sao Paulo, Sao Paulo, Brazil;Argentina, Switzerland;Xhaka;Yellow Card;7/1/2014 16:36:00;High importance events
Arena de Sao Paulo, Sao Paulo, Brazil;Argentina, Switzerland;Fernandes;Yellow Card;7/1/2014 17:13:00;High importance events
Arena de Sao Paulo, Sao Paulo, Brazil;Argentina, Switzerland;Rojo;Yellow Card;7/1/2014 17:30:00;High importance events
Arena de Sao Paulo, Sao Paulo, Brazil;Argentina, Switzerland;DI MARIA;Goal;7/1/2014 17:58:00;High importance events
Arena de Sao Paulo, Sao Paulo, Brazil;Argentina, Switzerland;DI MARIA;Yellow Card;7/1/2014 18:00:00;High importance events
Arena de Sao Paulo, Sao Paulo, Brazil;Argentina, Switzerland;Garay;Yellow Card;7/1/2014 18:04:00;High importance events
Arena Fonte Nova, Salvador, Brail;Belgium, USA;Cameron;Yellow Card;7/1/2014 20:18:00;High importance events
Arena Fonte Nova, Salvador, Brail;Belgium, USA;Kompany;Yellow Card;7/1/2014 20:42:00;High importance events
Arena Fonte Nova, Salvador, Brail;Belgium, USA;De Bruyne;Goal;7/1/2014 21:33:00;High importance events
Arena Fonte Nova, Salvador, Brail;Belgium, USA;Lukaku;Goal;7/1/2014 21:45:00;High importance events
Arena Fonte Nova, Salvador, Brail;Belgium, USA;Green;Goal;7/1/2014 21:47:00;High importance events
Estadio do Maracana, Rio De Janeiro, Brazil;France, Germany;Hummels;Goal;7/4/2014 16:13:00;High importance events
Estadio do Maracana, Rio De Janeiro, Brazil;France, Germany;Khedira;Yellow Card;7/4/2014 16:54:00;High importance events
Estadio do Maracana, Rio De Janeiro, Brazil;France, Germany;Schweinsteiger;Yellow Card;7/4/2014 17:20:00;High importance events
Estadio Castelao, Fortaleza, Brazil;Brazil, Colombia;T Silva;Goal;7/4/2014 20:07:00;High importance events
Estadio Castelao, Fortaleza, Brazil;Brazil, Colombia;T Silva;Yellow Card;7/4/2014 21:04:00;High importance events
Estadio Castelao, Fortaleza, Brazil;Brazil, Colombia;James;Yellow Card;7/4/2014 21:07:00;High importance events
Estadio Castelao, Fortaleza, Brazil;Brazil, Colombia;David Luiz;Goal;7/4/2014 21:09:00;High importance events
Estadio Castelao, Fortaleza, Brazil;Brazil, Colombia;Yepes;Yellow Card;7/4/2014 21:09:00;High importance events
Estadio Castelao, Fortaleza, Brazil;Brazil, Colombia;Julio Cesar;Yellow Card;7/4/2014 21:18:00;High importance events
Estadio Castelao, Fortaleza, Brazil;Brazil, Colombia;James;Penalty;7/4/2014 21:20:00;High importance events
Estadio Nacional, Brasilia, Brazil;Argentina, Belgium;Higuani;Goal;7/5/2014 16:08:00;High importance events
Estadio Nacional, Brasilia, Brazil;Argentina, Belgium;E. Hazard;Yellow Card;7/5/2014 16:53:00;High importance events
Estadio Nacional, Brasilia, Brazil;Argentina, Belgium;Alderweireld;Yellow Card;7/5/2014 17:09:00;High importance events
Estadio Nacional, Brasilia, Brazil;Argentina, Belgium;Biglia;Yellow Card;7/5/2014 17:15:00;High importance events
Arena Fonte Nova, Salvador, Brazil;Netherland, Costa Rica;Diaz J.;Yellow Card;7/5/2014 20:37:00;High importance events
Arena Fonte Nova, Salvador, Brazil;Netherland, Costa Rica;Umana M.;Yellow Card;7/5/2014 20:52:00;High importance events
Arena Fonte Nova, Salvador, Brazil;Netherland, Costa Rica;Martins Indi;Yellow Card;7/5/2014 21:04:00;High importance events
Arena Fonte Nova, Salvador, Brazil;Netherland, Costa Rica;Gonzalez G.;Yellow Card;7/5/2014 21:21:00;High importance events
Arena Fonte Nova, Salvador, Brazil;Netherland, Costa Rica;Acosta J.;Yellow Card;7/5/2014 21:47:00;High importance events
Arena Fonte Nova, Salvador, Brazil;Netherland, Costa Rica;Huntelaar;Yellow Card;7/5/2014 21:51:00;High importance events
Estadio Mineirao, Belo Horizonte, Brazil;Brazil, Germany;Muller;Goal;7/8/2014 20:11:00;High importance events
Estadio Mineirao, Belo Horizonte, Brazil;Brazil, Germany;Klose;Goal;7/8/2014 20:23:00;High importance events
Estadio Mineirao, Belo Horizonte, Brazil;Brazil, Germany;Kroos;Goal;7/8/2014 20:24:00;High importance events
Estadio Mineirao, Belo Horizonte, Brazil;Brazil, Germany;Kroos;Goal;7/8/2014 20:26:00;High importance events
Estadio Mineirao, Belo Horizonte, Brazil;Brazil, Germany;Khedira;Goal;7/8/2014 20:29:00;High importance events
Estadio Mineirao, Belo Horizonte, Brazil;Brazil, Germany;Dante;Yellow Card;7/8/2014 21:08:00;High importance events
Estadio Mineirao, Belo Horizonte, Brazil;Brazil, Germany;Ginter;Goal;7/8/2014 21:09:00;High importance events
Estadio Mineirao, Belo Horizonte, Brazil;Brazil, Germany;Schurrle;Goal;7/8/2014 21:19:00;High importance events
Estadio Mineirao, Belo Horizonte, Brazil;Brazil, Germany;Oscar;Goal;7/8/2014 21:30:00;High importance events
Arena de Sao Paulo, Sao Paulo, Brazil;Netherland, Argentina;Martins Indi;Yellow Card;7/9/2014 20:45:00;High importance events
Arena de Sao Paulo, Sao Paulo, Brazil;Netherland, Argentina;Demichelis;Yellow Card;7/9/2014 20:49:00;High importance events
Arena de Sao Paulo, Sao Paulo, Brazil;Netherland, Argentina;Huntelaar;Yellow Card;7/9/2014 21:45:00;High importance events
Estadio Nacional, Brasilia, Brazil;Brazil, Netherland;T Silva;Yellow Card;7/12/2014 20:02:00;High importance events
Estadio Nacional, Brasilia, Brazil;Brazil, Netherland;V. Persie;Penalty;7/12/2014 20:03:00;High importance events
Estadio Nacional, Brasilia, Brazil;Brazil, Netherland;Robben;Yellow Card;7/12/2014 20:09:00;High importance events
Estadio Nacional, Brasilia, Brazil;Brazil, Netherland;Blind;Goal;7/12/2014 20:17:00;High importance events
Estadio Nacional, Brasilia, Brazil;Brazil, Netherland;De Guzman;Yellow Card;7/12/2014 20:36:00;High importance events
Estadio Nacional, Brasilia, Brazil;Brazil, Netherland;Fernandinho;Yellow Card;7/12/2014 20:54:00;High importance events
Estadio Nacional, Brasilia, Brazil;Brazil, Netherland;Oscar;Yellow Card;7/12/2014 21:08:00;High importance events
Estadio Nacional, Brasilia, Brazil;Brazil, Netherland;Wijnaldum;Goal;7/12/2014 21:31:00;High importance events
Estadio do Maracana, Rio De Janeiro, Brazil;Germany, Argentina;Schweinsteiger;Yellow Card;7/13/2014 19:29:00;High importance events
Estadio do Maracana, Rio De Janeiro, Brazil;Germany, Argentina;Howedes;Yellow Card;7/13/2014 19:34:00;High importance events
Estadio do Maracana, Rio De Janeiro, Brazil;Germany, Argentina;Mascherano;Yellow Card;7/13/2014 20:04:00;High importance events
Estadio do Maracana, Rio De Janeiro, Brazil;Germany, Argentina;Aguero;Yellow Card;7/13/2014 20:05:00;High importance events
