date;event_type;entities;event_description;importance
5/1/14;Bombing;Abuja, Nigeria, The Islamist militant group Boko Haram;A car bomb exploded in New Nyanya, a suburb of Abuja, Nigeria. The explosion killed at least 19 people and injured at least 60;Med
5/13/14;Turkey Mine Accident, Hundreds Dead.;Turkey, Soma, Istanbul ,Ankara, Prime Minister Recep Tayyip Erdogan, Energy Minister Taner Yildiz,;Some 284 miners are known to have died in the country’s worst ever mining disaster;High
5/20/14;Bombing;Jos, Nigeria,  Boko Haram;Twin bombings, one at a market, the second 30 minutes later nearby a hospital.;High
5/24/14;Raid;Seiyun, Yemen, al Qaeda militants, Gulf Arab countries, United States;people are killed in an overnight raid on Yemeni government buildings.;High
5/30/14;Attack/Ambush;Suspected Séléka militants in Bangui, central African Republic;Notre-Dame de Fatima, a Catholic church, with grenades and gunfire killing at least 30, including a priest.;Mid
6/3/14;Suicide bombing;Rmadi, Iraq;A suicide bomber detonated his explosives next to a group of anti-militant Sunni's, killing 8 and injuring 14;High
6/5/14;Attack;Shabwah Governorate, Yemen. A group of suspected al-Qaeda militants;attack a military checkpoint, killing 8 soldiers and 6 civilians.;High
6/6/14;Bombing/Political Assassination;Suspected militants of the Karbi People's Liberation Tigers. Hamren, Assam, India;ambush and kill a superintendent police chief who was investigating reports of the presence of militants in the region. The police chief's Protective Service Officer, who tried to defend him, was also killed in the attack.;Low
6/9/14;Suicide/Truck bombings;Tuz Khormatoo, Iraq;A suicide truck bomber detonated his vehicle at a checkpoint for a Patriotic Union of Kurdistan office, as people were gathering the investigate the first bombing a second truck detonated, this one remotely, killing more people. Overall 15 people were killed and 110 injured.;Mid
6/10/14;Iraqi Militants Seized Large Regions.;Iraq, Kurdish region, Irbil, Tilkaif, Bartella, Karamless and Alqosh;Iraqi Militants;High
6/11/14;Kidnapping;Boko Haram, Kano, Nigeria,;Militants allegedly kidnap 20 to 40 girls from the village of Garkin Fulani, located 8 kilometers west of the village of Chibok, where approximately 276 girls were kidnapped in April, 2014;
6/15/14;Attack;Mpeketoni, Kenya, Al-Shabaab (suspected);Gunmen enter Mpeketoni as passengers and take people hostage before shooting and killing 48 people between 8:00pm and 12:00am.;High
6/18/14;Suicide car bombing;Damaturu, Nigeria,  Boko Haram,;A suicide bomber in a tricycle taxi detonated a bomb at a venue where people were watching a World Cup soccer match, killing 21 and wounding 27.;Low
6/19/14;Suicide Bombing;An anti-Taliban peace militia,Peshawar, Pakistan;A suicide bomber blows himself up at the residence of Farmanullah, an anti-Taliban peace militia leader, in the Adezai neighborhood of Matani in Peshawar, Pakistan killing 2 and wounding at least 5. The suicide bomber's intended target, Farmanullah was uninjured.;Low
6/20/14;Truck Bomb;Horrah, Hama Governorate, Syria,  The Islamic Front, Syria;;Mid
6/21/14;Attack;Koronginim andKwarangilam, Borno State, Nigeria,  Boko Haram militants;Gunmen attacked the villages of Koronginim and Kwarangilam, killing dozens. These villages are located in the Borno State nearChibok, where Boko Haram militants kidnapped over 200 schoolgirls in April, 2014.;High
6/22/14;Attack;Koronginim andKwarangilam, Borno State, Nigeria,  Boko Haram militants;Gunmen attacked the villages of Koronginim and Kwarangilam, killing dozens. These villages are located in the Borno State nearChibok, where Boko Haram militants kidnapped over 200 schoolgirls in April, 2014.;High
6/25/14;Bombing;Abuja, Nigeria;A bomb exploded in the shopping district of Abuja, killing at least 21 and wounding at least 17.;High
6/25/14;Suicide Bombing;Mahmoudiyah,Iraq;A suicide bomber detonated an explosive device in Mahmoudiyah killing 13 and wounding at least 25.;High
6/26/14;Suicide Bombing/Shootout/Raid;Seiyun, Yemen;Assailants conducted a series of attacks in the Seiyun, Yemen. In one attack a suicide bomber drove an explosive-laden vehicle into the entrance of an army base killing 4 soldiers. In another attack, non-state militants attempted to raid Seiyun's airport killing two soldiers. Government killed four militants in order to regain control of the airport. In another attack, a civilian woman was killed by an agricultural plant;High
7/3/14;Israel Conflicts with Hamas in Gaza.;Israel , Hamas, Gaza;Israel , Hamas, Gaza;High
7/18/14;Airplane with 298 Onboard was Shot Down over Ukraine.;Ukrain, Europe;Ukrain, Europe;High
7/30/14;Ebola Virus Outbreak.;;Liberia;High
8/8/14;Hamas rejects the continuation of a 72 hour ceasefire and has shot over 60 rockets since 8:00 into southern Israel. Israel launches air strikes in response.;Israel–Gaza conflict;Hamas;
8/9/14;Iraqi airstrikes kill 45 Islamic State fighters and injure 60.;USA, Iraq, ISIS;Iraqi airstrikes, Islamic state fighter;
